Program,time,value
coinbias1_beta,0.023272,0.01146
coinbias1_uni,0.022347,0.55719
coinbias2_beta,0.025734,0.01171
coinbias2_uni,0.171589,0.56865
coinbias3_beta,1.005458,0.41619
coinbias3_uni,1.261927,0.57129
